{"cameraMode":{"drawMode":0,"name":"Shaded","section":"Shading Mode"},"sceneLighting":false,"audioPlay":false,"sceneViewState":{"m_AlwaysRefresh":false,"showFog":true,"showSkybox":false,"showFlares":true,"showImageEffects":true,"showParticleSystems":true,"showVisualEffectGraphs":true,"m_FxEnabled":true},"in2DMode":false,"pivot":{"x":-1.6229667663574219,"y":21.91533851623535,"z":-0.10120558738708496},"rotation":{"x":0.11485324800014496,"y":-0.6864070892333984,"z":0.1111242026090622,"w":0.7094413638114929},"size":24.205181121826173,"orthographic":false}