{"cameraMode":{"drawMode":0,"name":"Shaded","section":"Shading Mode"},"sceneLighting":true,"audioPlay":false,"sceneViewState":{"m_AlwaysRefresh":false,"showFog":true,"showSkybox":true,"showFlares":true,"showImageEffects":true,"showParticleSystems":true,"showVisualEffectGraphs":true,"m_FxEnabled":true},"in2DMode":false,"pivot":{"x":-0.015002250671386719,"y":0.6404733657836914,"z":0.014997482299804688},"rotation":{"x":0.7406720519065857,"y":-0.21857500076293946,"z":0.28515496850013735,"w":0.5677353739738464},"size":34.13176345825195,"orthographic":false}