{"cameraMode":{"drawMode":0,"name":"Shaded","section":"Shading Mode"},"sceneLighting":false,"audioPlay":false,"sceneViewState":{"m_AlwaysRefresh":false,"showFog":true,"showSkybox":false,"showFlares":true,"showImageEffects":true,"showParticleSystems":true,"showVisualEffectGraphs":true,"m_FxEnabled":true},"in2DMode":false,"pivot":{"x":-38.11927032470703,"y":43.30874252319336,"z":84.82794189453125},"rotation":{"x":0.000018780314348987304,"y":-0.9999216794967651,"z":-0.0014995805686339737,"w":-0.012602151371538639},"size":34.97205352783203,"orthographic":true}