{"cameraMode":{"drawMode":0,"name":"Shaded","section":"Shading Mode"},"sceneLighting":false,"audioPlay":false,"sceneViewState":{"m_AlwaysRefresh":false,"showFog":true,"showSkybox":false,"showFlares":true,"showImageEffects":true,"showParticleSystems":true,"showVisualEffectGraphs":true,"m_FxEnabled":true},"in2DMode":false,"pivot":{"x":0.40000152587890627,"y":17.599998474121095,"z":-0.40000152587890627},"rotation":{"x":0.24540376663208009,"y":-0.6158660054206848,"z":0.2103203386068344,"w":0.7185455560684204},"size":199.67539978027345,"orthographic":false}