{"cameraMode":{"drawMode":0,"name":"Shaded","section":"Shading Mode"},"sceneLighting":true,"audioPlay":false,"sceneViewState":{"m_AlwaysRefresh":false,"showFog":true,"showSkybox":true,"showFlares":true,"showImageEffects":true,"showParticleSystems":true,"showVisualEffectGraphs":true,"m_FxEnabled":true},"in2DMode":false,"pivot":{"x":7.381049156188965,"y":-111.09648895263672,"z":17.957660675048829},"rotation":{"x":-0.5190814137458801,"y":0.051989298313856128,"z":-0.031660500913858417,"w":-0.8525684475898743},"size":114.19550323486328,"orthographic":true}