{"cameraMode":{"drawMode":0,"name":"Shaded","section":"Shading Mode"},"sceneLighting":true,"audioPlay":false,"sceneViewState":{"m_AlwaysRefresh":false,"showFog":true,"showSkybox":true,"showFlares":true,"showImageEffects":true,"showParticleSystems":true,"showVisualEffectGraphs":true,"m_FxEnabled":true},"in2DMode":false,"pivot":{"x":112.08133697509766,"y":21.82575225830078,"z":-59.50932693481445},"rotation":{"x":0.24569258093833924,"y":-0.03488790616393089,"z":0.008848799392580986,"w":0.9686807990074158},"size":233.9840850830078,"orthographic":true}