{"cameraMode":{"drawMode":0,"name":"Shaded","section":"Shading Mode"},"sceneLighting":true,"audioPlay":false,"sceneViewState":{"m_AlwaysRefresh":false,"showFog":true,"showSkybox":true,"showFlares":true,"showImageEffects":true,"showParticleSystems":true,"showVisualEffectGraphs":true,"m_FxEnabled":true},"in2DMode":false,"pivot":{"x":-115.4000015258789,"y":0.6000000238418579,"z":-29.100000381469728},"rotation":{"x":-0.29523706436157229,"y":-0.44437283277511599,"z":0.15789279341697694,"w":-0.8309305310249329},"size":23.870588302612306,"orthographic":false}